Hop Name,Alpha Acid % - Min,Alpha Acid % - Max,Alpha Acid % - Avg,Beta Acid % - Min,Beta Acid % - Max,Beta Acid % - Avg,Alpha-Beta Ratio - Min,Alpha-Beta Ratio - Max,Alpha-Beta Ratio - Avg,Co-Humulone as % of Alpha - Min,Co-Humulone as % of Alpha - Max,Co-Humulone as % of Alpha - Avg,Total Oils (mL/100g) - Min,Total Oils (mL/100g) - Max,Total Oils (mL/100g) - Avg,Myrcene - Min,Myrcene - Max,Myrcene - Avg,Humulene - Min,Humulene - Max,Humulene - Avg,Caryophyllene - Min,Caryophyllene - Max,Caryophyllene - Avg,Farnesene - Min,Farnesene - Max,Farnesene - Avg,Other Oils - Min,Other Oils - Max
Astra,7.0,10.0,8.5,4.0,6.0,5.0,1.0,3.0,2.0,26.0,28.0,27.0,1.0,3.0,2.0,,,,6.0,8.0,7.0,,,,,,,92.0,94.0
Eclipse,15.7,19.0,17.4,5.9,9.0,7.5,2.0,3.0,2.0,33.0,37.0,35.0,1.8,2.7,2.3,35.0,49.0,42.0,0.0,2.0,1.0,6.0,12.0,9.0,0.0,1.0,0.5,36.0,59.0
Ella,13.3,19.2,16.3,4.0,7.8,5.9,2.0,5.0,3.0,33.0,40.0,36.5,2.4,3.4,2.9,34.0,50.0,42.0,15.0,22.0,18.5,5.0,18.0,11.5,12.0,14.0,13.0,0.0,34.0
Enigma,13.5,19.4,16.5,4.5,7.1,5.8,2.0,4.0,3.0,37.0,43.0,40.0,1.8,3.0,2.4,23.0,30.0,26.5,12.0,19.0,15.5,6.0,8.0,7.0,9.0,12.0,10.5,31.0,50.0
Feux-Coeur Francais,12.0,16.0,14.0,3.1,6.0,4.6,2.0,5.0,4.0,,,,,,,,,,,,,,,,,,,,
Galaxy,11.0,16.0,13.5,5.0,9.0,7.0,1.0,3.0,2.0,32.0,42.0,37.0,1.8,5.0,3.4,33.0,69.0,51.0,1.0,2.0,1.5,7.0,13.0,10.0,3.0,5.0,4.0,11.0,56.0
Helga,5.4,7.3,6.4,5.0,7.0,6.0,1.0,1.0,1.0,20.0,23.0,21.5,0.6,1.0,0.8,1.0,13.0,7.0,35.0,55.0,45.0,10.0,45.0,27.5,0.0,1.0,0.5,0.0,54.0
HPA-016,15.7,18.7,17.2,5.9,9.0,7.5,2.0,3.0,2.0,33.0,37.0,35.0,1.7,1.9,1.8,35.0,49.0,42.0,0.0,2.0,1.0,6.0,12.0,9.0,0.0,1.0,0.5,36.0,59.0
Melba,7.0,10.0,8.5,2.5,5.0,3.8,1.0,4.0,3.0,25.0,35.0,30.0,2.0,4.0,3.0,,,,,,,,,,,,,,
Pride of Ringwood,7.0,11.0,9.0,4.0,8.0,6.0,1.0,3.0,2.0,26.0,39.0,32.5,,,1.2,24.0,41.0,32.5,2.0,4.0,3.0,9.0,14.0,11.5,0.0,1.0,0.5,40.0,65.0
Summer,5.6,6.4,6.0,4.8,6.1,5.5,1.0,1.0,1.0,20.0,25.0,22.5,1.4,2.0,1.7,29.0,38.0,33.5,28.0,50.0,39.0,8.0,11.0,9.5,0.0,1.0,0.5,0.0,35.0
Super Pride,12.5,16.3,14.4,4.5,8.0,6.3,2.0,4.0,3.0,25.0,50.0,37.5,3.0,4.0,3.5,34.0,42.0,38.0,1.0,2.0,1.5,5.0,9.0,7.0,0.0,1.0,0.5,46.0,60.0
Sylva,4.0,7.3,5.7,3.0,7.0,5.0,1.0,2.0,2.0,20.0,28.0,24.0,0.9,1.4,1.2,26.0,36.0,31.0,18.0,27.0,22.5,5.0,8.0,6.5,22.0,28.0,25.0,1.0,29.0
Topaz,13.7,20.1,16.9,4.9,7.9,6.4,2.0,4.0,3.0,47.0,53.0,50.0,1.3,2.2,1.8,18.0,56.0,37.0,8.0,16.0,12.0,6.0,13.0,9.5,0.0,1.0,0.5,14.0,68.0
Vic Secret,14.0,21.8,17.9,5.7,8.7,7.2,2.0,4.0,3.0,51.0,57.0,54.0,1.9,2.8,2.4,31.0,46.0,38.5,9.0,21.0,15.0,9.0,15.0,12.0,0.0,1.0,0.5,17.0,51.0
Vienna Gold,6.0,10.0,8.0,,,,,,,,,,,,,,,,,,,,,,,,,,
Canadian Redvine,5.0,6.0,5.5,5.0,6.0,5.5,1.0,1.0,1.0,,,47.0,,,,69.0,71.0,70.0,1.0,3.0,2.0,1.0,3.0,2.0,4.0,7.0,5.5,16.0,25.0
Lumberjack,9.0,12.0,10.5,,,,,,,,,,,,,,,,,,,,,,,,,,
Sasquatch,6.6,9.0,7.8,,,8.2,inf,1.0,inf,34.0,35.0,34.5,,,0.8,60.0,61.0,60.5,13.0,14.0,13.5,5.0,6.0,5.5,8.0,9.0,8.5,10.0,14.0
Wild Loyalist,3.7,5.6,4.7,4.7,6.7,5.7,1.0,1.0,1.0,,,,,,,,,,,,,,,,,,,,
Marco Polo,12.0,13.0,12.5,4.5,5.5,5.0,2.0,3.0,3.0,30.0,35.0,32.5,,,1.1,40.0,50.0,45.0,15.0,25.0,20.0,8.0,12.0,10.0,0.0,1.0,0.5,12.0,37.0
Tsingdao Flower,6.0,8.0,7.0,3.0,4.2,3.6,1.0,3.0,2.0,,,35.0,0.4,0.8,0.6,,,,,,,,,,,,,,
Agnus,9.0,14.0,11.5,4.0,6.5,5.3,1.0,4.0,2.0,29.0,38.0,33.5,2.0,3.0,2.5,40.0,55.0,47.5,15.0,20.0,17.5,,,,0.0,1.0,0.5,24.0,45.0
Amethyst,3.5,6.0,4.8,7.0,8.0,7.5,0.0,1.0,1.0,20.0,28.0,24.0,0.4,1.0,0.7,41.0,43.0,42.0,18.0,20.0,19.0,5.0,7.0,6.0,0.0,1.0,0.5,29.0,36.0
Bohemie,5.0,8.0,6.5,6.0,9.0,7.5,1.0,1.0,1.0,23.0,26.0,24.5,1.0,1.5,1.3,30.0,45.0,37.5,17.0,23.0,20.0,7.0,10.0,8.5,1.0,3.0,2.0,19.0,45.0
Boomerang,10.0,14.0,12.0,5.0,10.0,7.5,1.0,3.0,2.0,27.0,32.0,29.5,1.5,3.0,2.3,30.0,53.0,41.5,17.0,24.0,20.5,7.0,11.0,9.0,0.0,1.0,0.5,11.0,46.0
Bor,6.0,9.0,7.5,3.0,5.5,4.3,1.0,3.0,2.0,23.0,26.0,24.5,1.0,2.0,1.5,,,,,,,,,,,,,,
Gaia,12.0,15.0,13.5,5.0,10.0,7.5,1.0,3.0,2.0,20.0,29.0,24.5,1.5,2.5,2.0,23.0,37.0,30.0,2.0,4.0,3.0,9.0,12.0,10.5,5.0,7.0,6.0,40.0,61.0
Harmonie,4.0,8.0,6.0,5.0,8.0,6.5,1.0,2.0,1.0,19.0,22.0,20.5,0.9,1.4,1.2,30.0,40.0,35.0,10.0,20.0,15.0,6.0,11.0,8.5,0.0,1.0,0.5,28.0,54.0
Kazbek,5.0,8.0,6.5,4.0,6.0,5.0,1.0,2.0,1.0,35.0,40.0,37.5,0.9,1.8,1.4,40.0,55.0,47.5,20.0,35.0,27.5,10.0,15.0,12.5,0.0,1.0,0.5,0.0,30.0
Mimosa,1.9,4.8,3.4,4.3,8.4,6.4,0.0,1.0,1.0,21.0,34.0,27.5,0.5,1.2,0.9,16.0,42.0,29.0,3.0,12.0,7.5,5.0,8.0,6.5,0.0,3.5,1.8,34.5,76.0
Premiant,7.0,9.0,8.0,3.5,6.5,5.0,1.0,3.0,2.0,18.0,23.0,20.5,1.0,2.0,1.5,35.0,50.0,42.5,20.0,40.0,30.0,8.0,13.0,10.5,1.0,3.0,2.0,0.0,36.0
Saaz (CZ),2.0,5.0,3.5,4.0,8.0,6.0,0.0,1.0,1.0,23.0,26.0,24.5,0.4,1.0,0.7,25.0,40.0,32.5,15.0,30.0,22.5,6.0,9.0,7.5,14.0,20.0,17.0,1.0,40.0
Saaz Late,3.5,6.0,4.8,4.0,6.5,5.3,1.0,2.0,1.0,20.0,25.0,22.5,0.5,1.0,0.8,25.0,35.0,30.0,15.0,25.0,20.0,6.0,9.0,7.5,15.0,20.0,17.5,11.0,39.0
Sládek,4.5,9.0,6.8,4.0,11.0,7.5,0.0,2.0,1.0,23.0,40.0,31.5,0.8,2.0,1.4,35.0,50.0,42.5,20.0,40.0,30.0,9.0,14.0,11.5,0.0,1.0,0.5,0.0,36.0
Vital,9.0,16.0,12.5,6.0,11.0,8.5,1.0,3.0,2.0,21.0,26.0,23.5,1.1,2.5,1.8,40.0,60.0,50.0,2.0,5.0,3.5,5.0,8.0,6.5,1.0,3.0,2.0,24.0,52.0
Aramis,5.5,8.3,6.9,3.0,4.5,3.8,1.0,3.0,2.0,20.0,42.0,31.0,1.2,1.6,1.4,38.0,41.0,39.5,19.0,22.0,20.5,2.0,8.0,5.0,2.0,4.0,3.0,25.0,39.0
Barbe Rouge,3.8,10.0,6.9,3.3,4.6,4.0,1.0,3.0,2.0,24.0,28.0,26.0,1.1,3.0,2.1,35.0,60.0,47.5,15.0,25.0,20.0,2.0,4.0,3.0,0.0,4.0,2.0,7.0,48.0
Bouclier,3.8,8.5,6.2,2.4,3.3,2.9,1.0,4.0,2.0,42.0,47.0,44.5,1.1,1.6,1.4,37.0,39.0,38.0,33.0,35.0,34.0,3.0,4.0,3.5,,,,22.0,27.0
Elixir,4.6,7.0,5.8,4.5,6.6,5.6,1.0,2.0,1.0,25.0,30.0,27.5,1.8,2.2,2.0,65.0,75.0,70.0,1.0,2.0,1.5,26.0,27.0,26.5,0.0,1.0,0.5,0.0,8.0
Mistral,6.5,8.5,7.5,3.1,3.8,3.5,2.0,3.0,2.0,29.0,39.0,34.0,1.0,1.5,1.3,59.0,65.0,62.0,9.0,13.0,11.0,3.0,4.0,3.5,2.0,4.0,3.0,14.0,27.0
Petit Blanc,2.0,4.0,3.0,5.0,6.0,5.5,0.0,1.0,1.0,,,15.0,0.5,0.8,0.7,,,,,,,,,,,,,,
Strisselspalt,1.0,4.0,2.5,3.0,6.0,4.5,0.0,1.0,1.0,20.0,27.0,23.5,0.6,0.8,0.7,35.0,52.0,43.5,13.0,21.0,17.0,8.0,10.0,9.0,0.0,1.0,0.5,16.0,44.0
Tardif de Bourgogne,2.2,5.3,3.8,3.1,5.8,4.5,0.0,2.0,1.0,,,20.0,0.4,0.9,0.7,,,,,,,,,,,,,,
Triskel,3.0,9.0,6.0,4.0,5.5,4.8,1.0,2.0,1.0,20.0,23.0,21.5,1.2,2.0,1.6,55.0,61.0,58.0,10.0,16.0,13.0,2.0,3.0,2.5,0.0,1.0,0.5,19.0,33.0
Akoya,9.0,10.0,9.5,4.0,5.0,4.5,2.0,3.0,2.0,27.0,30.0,28.5,1.5,2.0,1.8,,,,,,,,,,,,,,
Ariana,9.0,13.0,11.0,4.5,6.0,5.3,2.0,3.0,2.0,40.0,42.0,41.0,1.6,2.4,2.0,57.0,59.0,58.0,,,,,,,,,,41.0,43.0
Aurum,3.5,5.7,4.6,,,3.1,inf,2.0,inf,20.0,23.0,21.5,0.5,1.7,1.1,,,,,,,,,,,,,,
Brewer's Gold (GR),4.5,7.8,6.2,2.9,3.7,3.3,1.0,3.0,2.0,39.0,48.0,43.5,0.8,2.2,1.5,40.0,50.0,45.0,29.0,31.0,30.0,7.0,8.0,7.5,0.0,1.0,0.5,10.0,24.0
Callista,2.0,5.0,3.5,5.0,10.0,7.5,0.0,1.0,1.0,15.0,22.0,18.5,0.7,2.1,1.4,63.0,64.0,63.5,,,,,,,,,,36.0,37.0
Diamant,7.0,7.5,7.3,,,,,,,18.0,20.0,19.0,1.5,1.7,1.6,,,,,,,,,,,,,,
Hallertau Blanc,9.0,12.0,10.5,4.0,7.0,5.5,1.0,3.0,2.0,22.0,35.0,28.5,0.8,2.2,1.5,50.0,75.0,62.5,0.0,3.0,1.5,0.0,2.0,1.0,0.0,1.0,0.5,19.0,50.0
Hallertau Gold,7.0,10.0,8.5,5.0,7.0,6.0,1.0,2.0,2.0,,,20.0,1.7,1.8,1.8,62.0,64.0,63.0,16.0,18.0,17.0,4.0,5.0,4.5,0.0,1.0,0.5,12.0,18.0
Hallertau Mittelfrüh,3.0,5.5,4.3,3.0,5.0,4.0,1.0,2.0,1.0,18.0,28.0,23.0,0.7,1.3,1.0,15.0,16.0,15.5,55.0,56.0,55.5,14.0,15.0,14.5,0.0,1.0,0.5,12.0,16.0
Hallertau Tradition,4.6,7.0,5.8,3.0,6.0,4.5,1.0,2.0,2.0,23.0,30.0,26.5,0.5,1.9,1.2,17.0,32.0,24.5,35.0,50.0,42.5,10.0,15.0,12.5,0.0,1.0,0.5,2.0,38.0
Herkules,12.0,17.0,14.5,4.0,5.5,4.8,2.0,4.0,3.0,32.0,38.0,35.0,1.4,2.4,1.9,30.0,50.0,40.0,30.0,45.0,37.5,7.0,12.0,9.5,0.0,1.0,0.5,0.0,33.0
Hersbrucker,1.5,5.0,3.3,2.5,6.0,4.3,0.0,2.0,1.0,17.0,25.0,21.0,0.5,1.3,0.9,15.0,30.0,22.5,20.0,30.0,25.0,8.0,13.0,10.5,0.0,1.0,0.5,26.0,57.0
Huell Melon,6.9,8.0,7.5,6.0,8.0,7.0,1.0,1.0,1.0,25.0,30.0,27.5,0.8,1.2,1.0,35.0,37.0,36.0,10.0,20.0,15.0,5.0,10.0,7.5,0.0,1.0,0.5,32.0,50.0
Hüller Bitterer,4.5,7.0,5.8,4.5,5.5,5.0,1.0,2.0,1.0,26.0,31.0,28.5,1.0,1.5,1.3,28.0,51.0,39.5,9.0,21.0,15.0,5.0,8.0,6.5,0.0,1.0,0.5,19.0,58.0
Magnum (GR),11.0,16.0,13.5,4.5,7.0,5.8,2.0,4.0,3.0,21.0,29.0,25.0,1.6,2.6,2.1,30.0,45.0,37.5,30.0,45.0,37.5,8.0,12.0,10.0,0.0,1.0,0.5,0.0,32.0
Mandarina Bavaria,7.0,10.5,8.8,4.0,7.0,5.5,1.0,3.0,2.0,31.0,35.0,33.0,1.3,2.2,1.8,70.0,72.0,71.0,5.0,15.0,10.0,1.0,5.0,3.0,0.0,1.0,0.5,7.0,24.0
Merkur,12.0,16.2,14.1,4.5,7.3,5.9,2.0,4.0,3.0,17.0,20.0,18.5,2.0,3.0,2.5,45.0,50.0,47.5,28.0,32.0,30.0,8.0,10.0,9.0,0.0,1.0,0.5,7.0,19.0
Monroe,2.5,2.9,2.7,6.5,7.5,7.0,0.0,0.0,0.0,,,,0.95,1.0,1.0,,,,,,,,,,,,,,
Northern Brewer (GR),6.0,10.0,8.0,3.0,5.0,4.0,1.0,3.0,2.0,27.0,33.0,30.0,1.0,2.1,1.6,25.0,45.0,35.0,35.0,50.0,42.5,10.0,20.0,15.0,0.0,1.0,0.5,0.0,30.0
Opal,5.0,14.0,9.5,3.5,5.5,4.5,1.0,4.0,2.0,13.0,34.0,23.5,0.8,1.3,1.1,20.0,45.0,32.5,30.0,50.0,40.0,8.0,15.0,11.5,0.0,1.0,0.5,0.0,42.0
Orion,6.0,9.0,7.5,2.5,5.75,4.1,1.0,4.0,2.0,25.0,30.0,27.5,0.8,2.1,1.5,41.0,56.0,48.5,16.0,26.0,21.0,6.0,13.0,9.5,0.0,1.0,0.5,4.0,37.0
Perle (GR),4.0,9.0,6.5,2.5,5.0,3.8,1.0,4.0,2.0,29.0,35.0,32.0,0.5,2.5,1.5,20.0,35.0,27.5,35.0,55.0,45.0,10.0,20.0,15.0,0.0,1.0,0.5,0.0,35.0
Polaris,18.0,23.0,20.5,4.5,6.5,5.5,3.0,5.0,4.0,22.0,29.0,25.5,4.0,5.0,4.5,49.0,51.0,50.0,20.0,35.0,27.5,8.0,13.0,10.5,0.0,1.0,0.5,0.0,23.0
Relax,0.3,4.0,2.2,10.0,15.0,12.5,0.0,0.0,0.0,,,,1.0,1.3,1.2,17.0,30.0,23.5,,,,,,,,,,70.0,83.0
Saphir,2.0,4.5,3.3,4.0,7.0,5.5,0.0,1.0,1.0,12.0,17.0,14.5,0.8,1.4,1.1,25.0,40.0,32.5,20.0,30.0,25.0,9.0,14.0,11.5,0.0,1.0,0.5,15.0,46.0
Smaragd,4.0,6.0,5.0,3.5,5.5,4.5,1.0,2.0,1.0,13.0,18.0,15.5,0.4,0.8,0.6,20.0,40.0,30.0,30.0,50.0,40.0,9.0,14.0,11.5,0.0,1.0,0.5,0.0,41.0
Solero,9.0,10.0,9.5,5.0,6.0,5.5,2.0,2.0,2.0,35.0,45.0,40.0,1.5,2.0,1.8,,,,,,,,,,,,,,
Spalt,2.5,5.7,4.1,3.0,5.0,4.0,1.0,2.0,1.0,22.0,29.0,25.5,0.5,0.9,0.7,20.0,35.0,27.5,20.0,30.0,25.0,8.0,13.0,10.5,12.0,18.0,15.0,4.0,40.0
Spalter Select,3.0,6.5,4.8,2.5,5.0,3.8,1.0,3.0,2.0,21.0,27.0,24.0,0.5,0.9,0.7,20.0,40.0,30.0,10.0,22.0,16.0,4.0,10.0,7.0,15.0,22.0,18.5,6.0,51.0
Tettnanger,2.5,5.8,4.2,2.8,5.3,4.1,0.0,2.0,1.0,22.0,28.0,25.0,0.4,1.1,0.8,40.0,41.0,40.5,20.0,21.0,20.5,6.0,7.0,6.5,11.0,12.0,11.5,19.0,23.0
Wurttemberg,,,3.8,,,3.1,,,,,,,0.5,1.0,0.8,,,,,,,,,,,,,,
Yellow Sub,6.2,7.2,6.7,,,,,,,,,,,,1.4,,,,,,,,,,,,,,
Golden Star,,,5.4,,,4.6,,,,,,50.0,,,0.6,,,,,,,,,,,,,100.0,100.0
Sorachi Ace,11.0,16.0,13.5,6.0,8.0,7.0,1.0,3.0,2.0,23.0,28.0,25.5,1.0,3.0,2.0,45.0,55.0,50.0,20.0,26.0,23.0,7.0,11.0,9.0,2.0,5.0,3.5,3.0,26.0
Toyomidori,11.0,13.0,12.0,5.0,6.0,5.5,2.0,3.0,2.0,,,40.0,0.8,1.2,1.0,58.0,60.0,59.0,9.0,12.0,10.5,4.0,5.0,4.5,0.0,1.0,0.5,22.0,29.0
Brooklyn,17.5,19.5,18.5,8.0,10.0,9.0,2.0,2.0,2.0,,,26.0,,,1.7,,,,,,,,,,,,,,
Dr. Rudi,10.0,12.0,11.0,7.0,8.5,7.8,1.0,2.0,1.0,36.0,39.0,37.5,1.3,1.6,1.5,28.0,30.0,29.0,33.0,34.0,33.5,9.0,11.0,10.0,0.0,1.0,0.5,24.0,30.0
Green Bullet,11.0,15.0,13.0,6.5,7.0,6.8,2.0,2.0,2.0,38.0,43.0,40.5,1.0,1.4,1.2,37.0,39.0,38.0,28.0,29.0,28.5,9.0,10.0,9.5,0.0,1.0,0.5,21.0,26.0
HORT9909,6.0,10.0,8.0,3.0,4.0,3.5,2.0,3.0,2.0,27.0,29.0,28.0,,,1.9,49.0,51.0,50.0,11.0,13.0,12.0,4.0,5.0,4.5,0.0,1.0,0.5,30.0,36.0
Kohatu,6.0,7.0,6.5,4.0,6.0,5.0,1.0,2.0,1.0,21.0,23.0,22.0,1.0,1.5,1.3,35.0,37.0,36.0,36.0,37.0,36.5,11.0,12.0,11.5,0.0,1.0,0.5,13.0,18.0
Motueka,5.0,8.5,6.8,5.0,5.5,5.3,1.0,2.0,1.0,25.0,35.0,30.0,0.8,1.0,0.9,47.0,48.0,47.5,3.0,4.0,3.5,1.0,3.0,2.0,12.0,13.0,12.5,32.0,37.0
Moutere,17.5,19.5,18.5,8.0,10.0,9.0,2.0,2.0,2.0,24.0,28.0,26.0,1.5,1.9,1.7,22.0,23.0,22.5,15.0,16.0,15.5,5.0,6.0,5.5,0.0,1.0,0.5,54.0,58.0
Nectaron,9.5,12.0,10.8,4.5,5.0,4.8,2.0,3.0,2.0,26.0,28.0,27.0,1.0,1.7,1.4,59.0,65.0,62.0,10.0,20.0,15.0,4.0,5.0,4.5,0.0,1.0,0.5,9.0,27.0
Nelson Sauvin,11.3,13.0,12.2,6.0,8.0,7.0,1.0,2.0,2.0,20.0,25.0,22.5,0.9,1.2,1.1,20.0,24.0,22.0,36.0,37.0,36.5,10.0,11.0,10.5,0.0,1.0,0.5,27.0,34.0
Pacific Gem,13.0,15.0,14.0,7.0,9.0,8.0,1.0,2.0,2.0,37.0,40.0,38.5,1.0,1.3,1.2,33.0,34.0,33.5,29.0,30.0,29.5,10.0,12.0,11.0,0.0,1.0,0.5,23.0,28.0
Pacific Jade,12.0,14.0,13.0,7.0,8.0,7.5,2.0,2.0,2.0,23.0,25.0,24.0,1.1,1.5,1.3,33.0,34.0,33.5,32.0,33.0,32.5,10.0,11.0,10.5,0.0,1.0,0.5,21.0,25.0
Pacific Sunrise,12.5,14.5,13.5,5.0,7.0,6.0,2.0,3.0,2.0,27.0,30.0,28.5,1.5,2.5,2.0,45.0,55.0,50.0,20.0,24.0,22.0,6.0,8.0,7.0,0.0,1.0,0.5,12.0,29.0
Pacifica,5.0,6.0,5.5,5.0,6.0,5.5,1.0,1.0,1.0,24.0,26.0,25.0,0.9,1.2,1.1,10.0,15.0,12.5,45.0,55.0,50.0,14.0,18.0,16.0,0.0,1.0,0.5,11.0,31.0
Rakau,9.0,12.0,10.5,5.0,6.0,5.5,2.0,2.0,2.0,23.0,25.0,24.0,1.8,2.2,2.0,55.0,57.0,56.0,16.0,17.0,16.5,5.0,6.0,5.5,4.0,5.0,4.5,15.0,20.0
Riwaka,4.5,6.5,5.5,4.0,5.0,4.5,1.0,2.0,1.0,29.0,38.0,33.5,0.8,1.5,1.2,67.0,70.0,68.5,8.0,10.0,9.0,2.0,6.0,4.0,0.0,1.0,0.5,13.0,23.0
Smooth Cone,7.0,9.5,8.3,3.4,5.2,4.3,1.0,3.0,2.0,,,31.0,0.4,1.14,0.8,54.0,56.0,55.0,20.0,22.0,21.0,5.0,7.0,6.0,0.0,1.0,0.5,14.0,21.0
Southern Cross,11.0,14.0,12.5,5.0,7.0,6.0,2.0,3.0,2.0,25.0,28.0,26.5,1.2,1.8,1.5,31.0,33.0,32.0,20.0,21.0,20.5,6.0,7.0,6.5,7.0,8.0,7.5,31.0,36.0
Sticklebract,12.0,15.0,13.5,6.0,8.5,7.3,1.0,3.0,2.0,35.0,45.0,40.0,0.75,1.8,1.3,14.0,64.0,39.0,7.0,26.0,16.5,3.0,13.0,8.0,4.0,7.0,5.5,0.0,72.0
Taiheke,5.0,9.0,7.0,5.0,5.5,5.3,1.0,2.0,1.0,33.0,40.0,36.5,1.0,1.5,1.3,50.0,60.0,55.0,10.0,20.0,15.0,5.0,10.0,7.5,0.0,5.0,2.5,5.0,35.0
Wai-iti,2.5,3.5,3.0,4.5,5.5,5.0,0.0,1.0,1.0,22.0,24.0,23.0,1.4,1.8,1.6,2.0,4.0,3.0,27.0,29.0,28.0,8.0,10.0,9.0,12.0,14.0,13.0,43.0,51.0
Waimea,14.5,19.0,16.8,7.0,9.0,8.0,2.0,3.0,2.0,22.0,24.0,23.0,1.8,2.3,2.1,59.0,61.0,60.0,9.0,10.0,9.5,2.0,3.0,2.5,4.0,6.0,5.0,20.0,26.0
Wakatu,6.5,8.5,7.5,8.0,8.5,8.3,1.0,1.0,1.0,28.0,30.0,29.0,0.9,1.2,1.1,35.0,36.0,35.5,16.0,17.0,16.5,8.0,9.0,8.5,6.0,7.0,6.5,31.0,35.0
Junga,10.0,14.0,12.0,5.0,8.0,6.5,1.0,3.0,2.0,29.0,34.0,31.5,1.5,2.6,2.1,,,,,,,,,,,,,,
Limbus,3.0,5.5,4.3,2.5,3.5,3.0,1.0,2.0,2.0,25.0,35.0,30.0,1.1,1.5,1.3,,,,,,,,,,,,,,
Lubelska,3.0,5.0,4.0,2.5,4.0,3.3,1.0,2.0,1.0,22.0,28.0,25.0,0.5,1.2,0.9,22.0,35.0,28.5,30.0,40.0,35.0,6.0,11.0,8.5,10.0,14.0,12.0,0.0,32.0
Magnat,11.0,16.0,13.5,2.8,7.0,4.9,2.0,6.0,4.0,21.0,25.0,23.0,1.0,2.0,1.5,30.0,59.0,44.5,18.0,20.0,19.0,7.0,8.0,7.5,0.0,1.0,0.5,12.0,45.0
Marynka,7.5,12.0,9.8,10.0,13.0,11.5,1.0,1.0,1.0,26.0,33.0,29.5,1.8,3.3,2.6,28.0,31.0,29.5,33.0,36.0,34.5,,,,,,103.0,33.0,
Pulawski,8.0,11.0,9.5,3.0,4.0,3.5,2.0,4.0,3.0,26.0,30.0,28.0,,,2.1,38.0,39.0,38.5,24.0,25.0,24.5,11.0,13.0,12.0,,,,23.0,27.0
Sybilla,6.0,8.0,7.0,3.0,12.0,7.5,1.0,3.0,2.0,26.0,31.0,28.5,1.2,2.2,1.7,28.0,50.0,39.0,40.0,45.0,42.5,,,,6.0,9.0,7.5,0.0,26.0
Zula,8.0,14.0,11.0,3.8,7.0,5.4,1.0,4.0,2.0,,,30.0,1.1,2.0,1.6,,,,,,,,,,,,,,
Apolon,10.0,12.0,11.0,,,4.0,inf,3.0,inf,,,2.3,1.3,1.6,1.5,62.0,64.0,63.0,25.0,27.0,26.0,3.0,5.0,4.0,11.0,12.0,11.5,0.0,
Atlas,5.0,11.0,8.0,4.0,4.0,4.0,1.0,3.0,2.0,36.0,38.0,37.0,1.3,1.6,1.5,58.0,59.0,58.5,8.0,10.0,9.0,3.0,5.0,4.0,13.0,14.0,13.5,12.0,18.0
Aurora,7.0,13.0,10.0,2.7,5.0,3.9,1.0,5.0,3.0,20.0,26.0,23.0,0.9,1.8,1.4,20.0,25.0,22.5,20.0,25.0,22.5,6.0,9.0,7.5,5.0,10.0,7.5,31.0,49.0
Bobek,3.5,9.3,6.4,4.0,6.6,5.3,1.0,2.0,1.0,26.0,31.0,28.5,0.7,4.0,2.4,30.0,45.0,37.5,13.0,19.0,16.0,4.0,6.0,5.0,4.0,7.0,5.5,23.0,49.0
Cekin,6.0,8.0,7.0,2.0,3.0,2.5,2.0,4.0,3.0,20.0,27.0,23.5,0.65,1.5,1.1,47.0,48.0,47.5,16.0,17.0,16.5,6.0,7.0,6.5,7.0,8.0,7.5,20.0,24.0
Celeia,3.0,6.0,4.5,2.0,4.0,3.0,1.0,3.0,2.0,25.0,29.0,27.0,0.6,3.6,2.1,26.0,35.0,30.5,18.0,23.0,20.5,8.0,9.0,8.5,3.0,7.0,5.0,26.0,45.0
Dana,7.2,13.0,10.1,2.7,6.0,4.4,1.0,5.0,3.0,22.0,31.0,26.5,0.9,1.6,1.3,35.0,53.0,44.0,20.0,27.0,23.5,4.0,8.0,6.0,6.0,9.0,7.5,3.0,35.0
Styrian Cardinal,8.0,15.0,11.5,3.2,4.6,3.9,2.0,5.0,3.0,31.0,37.0,34.0,3.0,4.0,3.5,40.0,50.0,45.0,15.0,22.0,18.5,8.0,11.0,9.5,5.0,7.0,6.0,10.0,32.0
Styrian Dragon,6.0,11.0,8.5,7.5,8.5,8.0,1.0,1.0,1.0,23.0,24.0,23.5,1.5,2.1,1.8,58.0,63.0,60.5,22.0,33.0,27.5,12.0,16.0,14.0,0.0,1.0,0.5,0.0,8.0
Styrian Eagle,12.5,17.5,15.0,3.5,5.5,4.5,2.0,5.0,4.0,20.0,23.0,21.5,2.5,4.6,3.6,52.0,60.0,56.0,0.0,2.5,1.3,4.0,7.0,5.5,6.0,10.0,8.0,20.5,38.0
Styrian Fox,5.7,12.0,8.9,2.1,4.0,3.1,1.0,6.0,4.0,26.0,30.0,28.0,0.4,1.7,1.1,50.0,60.0,55.0,12.0,14.0,13.0,4.0,6.0,5.0,0.0,1.0,0.5,19.0,34.0
Styrian Golding,3.5,6.5,5.0,2.5,3.5,3.0,1.0,3.0,2.0,25.0,30.0,27.5,0.5,1.0,0.8,27.0,33.0,30.0,34.0,38.0,36.0,9.0,11.0,10.0,2.0,5.0,3.5,13.0,28.0
Styrian Kolibri,4.0,6.0,5.0,2.8,5.4,4.1,1.0,2.0,1.0,21.0,25.0,23.0,1.0,2.0,1.5,31.0,38.0,34.5,16.0,21.0,18.5,5.0,7.0,6.0,25.0,27.0,26.0,7.0,23.0
Styrian Wolf,10.0,18.5,14.3,2.1,6.0,4.1,2.0,9.0,5.0,22.0,23.0,22.5,0.7,4.5,2.6,60.0,70.0,65.0,5.0,9.0,7.0,2.0,3.0,2.5,4.0,7.0,5.5,11.0,29.0
African Queen,10.0,17.0,13.5,3.9,6.2,5.1,2.0,4.0,3.0,22.0,30.0,26.0,0.7,1.5,1.1,20.0,29.0,24.5,21.0,30.0,25.5,10.0,17.0,13.5,5.0,7.0,6.0,17.0,44.0
Southern Aroma,3.6,7.3,5.5,5.4,6.0,5.7,1.0,1.0,1.0,19.0,25.0,22.0,0.6,0.8,0.7,17.0,28.0,22.5,22.0,23.0,22.5,13.0,15.0,14.0,0.0,1.0,0.5,33.0,48.0
Southern Brewer,8.0,12.0,10.0,2.5,5.0,3.8,2.0,5.0,3.0,38.0,41.0,39.5,0.4,1.5,1.0,,,,,,,,,,,,,,
Southern Dawn,11.2,13.5,12.4,4.3,5.9,5.1,2.0,3.0,3.0,31.0,33.0,32.0,,,0.6,22.0,45.0,33.5,17.0,25.0,21.0,8.0,11.0,9.5,4.0,10.0,7.0,9.0,49.0
Southern Passion,11.0,14.2,12.6,4.9,8.0,6.5,1.0,3.0,2.0,16.0,26.0,21.0,0.7,1.3,1.0,20.0,55.0,37.5,14.0,36.0,25.0,8.0,13.0,10.5,1.0,3.0,2.0,0.0,57.0
Southern Promise,9.5,14.5,12.0,3.6,5.8,4.7,2.0,4.0,3.0,20.0,22.0,21.0,0.7,1.1,0.9,21.0,25.0,23.0,23.0,27.0,25.0,7.0,11.0,9.0,0.0,1.0,0.5,36.0,49.0
Southern Star,12.0,18.6,15.3,4.0,7.5,5.8,2.0,5.0,3.0,25.0,31.0,28.0,1.4,1.7,1.6,32.0,38.0,35.0,23.0,27.0,25.0,10.0,14.0,12.0,8.0,12.0,10.0,9.0,27.0
Southern Sublime,10.8,13.4,12.1,,,4.9,inf,3.0,inf,,,26.0,,,,49.0,51.0,50.0,2.0,4.0,3.0,5.0,7.0,6.0,0.0,1.0,0.5,37.0,44.0
Southern Tropic,12.6,18.1,15.4,5.0,6.5,5.8,2.0,4.0,3.0,26.0,30.0,28.0,,,1.3,19.0,46.0,32.5,14.0,40.0,27.0,6.0,14.0,10.0,8.0,11.0,9.5,0.0,53.0
XJA2/436,11.5,16.4,14.0,7.8,8.4,8.1,1.0,2.0,2.0,29.0,30.0,29.5,1.1,1.7,1.4,18.0,30.0,24.0,21.0,35.0,28.0,11.0,13.0,12.0,8.0,18.0,13.0,4.0,42.0
Zagrava,4.0,7.0,5.5,8.0,12.0,10.0,0.0,1.0,1.0,24.0,28.0,26.0,2.0,3.0,2.5,30.0,50.0,40.0,14.0,16.0,15.0,7.0,8.0,7.5,12.0,18.0,15.0,8.0,37.0
Admiral,13.0,16.2,14.6,4.8,6.1,5.5,2.0,3.0,3.0,37.0,45.0,41.0,1.0,1.7,1.4,39.0,48.0,43.5,23.0,26.0,24.5,6.0,8.0,7.0,0.0,2.0,1.0,16.0,32.0
Archer,4.0,6.0,5.0,2.0,3.0,2.5,1.0,3.0,2.0,32.0,38.0,35.0,0.6,0.8,0.7,20.0,25.0,22.5,26.0,30.0,28.0,,,,0.0,1.0,0.5,44.0,54.0
Beata,5.0,7.0,6.0,9.0,11.0,10.0,0.0,1.0,1.0,23.0,28.0,25.5,1.0,1.5,1.3,27.0,29.0,28.0,4.0,8.0,6.0,,,,0.0,1.0,0.5,62.0,69.0
Boadicea,7.5,10.0,8.8,3.2,4.5,3.9,2.0,3.0,2.0,23.0,29.0,26.0,1.3,2.2,1.8,30.0,40.0,35.0,19.0,21.0,20.0,15.0,19.0,17.0,0.0,5.0,2.5,15.0,36.0
Bramling Cross,5.0,8.0,6.5,2.3,3.2,2.8,2.0,3.0,3.0,33.0,35.0,34.0,0.7,1.2,1.0,,,,,,,,,,,,,100.0,100.0
Challenger,6.5,9.0,7.8,3.0,4.5,3.8,1.0,3.0,2.0,20.0,25.0,22.5,1.0,1.7,1.4,30.0,42.0,36.0,24.0,26.0,25.0,9.0,10.0,9.5,0.0,1.0,0.5,21.0,37.0
Defender,3.3,6.0,4.7,1.1,2.5,1.8,1.0,5.0,3.0,23.0,32.0,27.5,0.28,0.98,0.6,30.0,32.0,31.0,34.0,36.0,35.0,13.0,15.0,14.0,3.0,4.0,3.5,13.0,20.0
East Kent Goldings,4.0,6.5,5.3,1.9,3.5,2.7,1.0,3.0,2.0,20.0,32.0,26.0,0.4,1.0,0.7,29.0,31.0,30.0,38.0,44.0,41.0,12.0,16.0,14.0,0.0,1.0,0.5,8.0,21.0
Endeavour,5.0,10.6,7.8,3.8,5.3,4.6,1.0,3.0,2.0,30.0,36.0,33.0,1.1,1.8,1.5,27.0,37.0,32.0,3.0,10.0,6.5,,,,5.0,8.0,6.5,45.0,65.0
Epic,3.0,5.0,4.0,1.7,2.5,2.1,1.0,3.0,2.0,30.0,33.0,31.5,0.4,0.8,0.6,11.0,12.0,11.5,41.0,43.0,42.0,1.0,2.0,1.5,1.0,2.0,1.5,41.0,46.0
First Gold,5.6,10.0,7.8,2.3,4.1,3.2,1.0,4.0,3.0,29.0,35.0,32.0,0.7,1.5,1.1,24.0,28.0,26.0,20.0,24.0,22.0,6.0,7.0,6.5,2.0,4.0,3.0,37.0,48.0
Flyer,8.3,14.5,11.4,4.1,6.0,5.1,1.0,4.0,2.0,26.0,35.0,30.5,,,0.6,17.0,25.0,21.0,22.0,23.0,22.5,0.0,1.0,0.5,0.0,1.0,0.5,50.0,61.0
Fuggle,2.4,6.1,4.3,2.1,3.5,2.8,1.0,3.0,2.0,25.0,32.0,28.5,0.44,1.0,0.7,15.0,25.0,20.0,30.0,40.0,35.0,11.0,15.0,13.0,5.0,8.0,6.5,12.0,39.0
Godiva,6.0,9.0,7.5,1.9,3.0,2.5,2.0,5.0,3.0,25.0,29.0,27.0,0.4,0.8,0.6,,,,,,,,,,,,,,
Hallertau Taurus,12.0,17.9,15.0,4.0,6.0,5.0,2.0,4.0,3.0,20.0,25.0,22.5,0.9,1.5,1.2,29.0,31.0,30.0,30.0,31.0,30.5,7.0,9.0,8.0,0.0,1.0,0.5,28.0,34.0
Harlequin,9.0,12.0,10.5,7.0,9.0,8.0,1.0,2.0,1.0,27.0,31.0,29.0,1.0,1.6,1.3,59.0,61.0,60.0,4.0,6.0,5.0,,,,9.0,11.0,10.0,22.0,28.0
Herald,9.0,13.0,11.0,4.5,5.5,5.0,2.0,3.0,2.0,35.0,37.0,36.0,1.0,1.9,1.5,39.0,41.0,40.0,14.0,16.0,15.0,6.0,8.0,7.0,0.0,1.0,0.5,34.0,41.0
Jester,7.0,9.0,8.0,4.0,6.0,5.0,1.0,2.0,2.0,23.0,28.0,25.5,0.6,1.2,0.9,,,,,,,,,,,,,,
Minstrel,5.0,7.0,6.0,3.0,3.5,3.3,1.0,2.0,2.0,22.0,26.0,24.0,0.5,0.7,0.6,22.0,25.0,23.5,1.0,4.0,2.5,,,,7.0,9.0,8.0,62.0,70.0
Olicana,7.0,9.0,8.0,4.0,6.0,5.0,1.0,2.0,2.0,28.0,32.0,30.0,,,0.5,19.0,20.0,19.5,8.0,9.0,8.5,,,,0.0,1.0,0.5,70.0,73.0
Omega,9.0,10.0,9.5,3.0,4.0,3.5,2.0,3.0,3.0,,,29.0,,,1.7,52.0,54.0,53.0,16.0,18.0,17.0,4.0,6.0,5.0,0.0,1.0,0.5,21.0,28.0
Phoenix,8.0,13.5,10.8,3.3,5.5,4.4,1.0,4.0,3.0,24.0,33.0,28.5,1.2,3.0,2.1,23.0,25.0,24.0,29.0,31.0,30.0,,,,1.0,2.0,1.5,42.0,47.0
Pilgrim,9.0,13.0,11.0,4.2,5.5,4.9,2.0,3.0,2.0,36.0,38.0,37.0,1.0,1.8,1.4,30.0,35.0,32.5,21.0,25.0,23.0,,,,0.0,1.0,0.5,39.0,49.0
Pilot,8.0,11.5,9.8,3.3,5.0,4.2,2.0,3.0,3.0,28.0,37.0,32.5,0.8,1.4,1.1,35.0,40.0,37.5,3.0,4.0,3.5,,,,0.0,1.0,0.5,55.0,62.0
Pioneer,8.0,10.5,9.3,3.5,4.5,4.0,2.0,3.0,2.0,36.0,40.0,38.0,1.0,1.8,1.4,34.0,36.0,35.0,18.0,25.0,21.5,,,,0.0,1.0,0.5,38.0,48.0
Progress,5.0,7.5,6.3,1.8,2.7,2.3,2.0,4.0,3.0,25.0,27.0,26.0,0.5,0.8,0.7,25.0,30.0,27.5,40.0,47.0,43.5,12.0,15.0,13.5,0.0,1.0,0.5,7.0,23.0
Sovereign,4.5,6.5,5.5,2.1,3.1,2.6,1.0,3.0,2.0,26.0,30.0,28.0,0.6,1.0,0.8,20.0,31.0,25.5,20.0,27.0,23.5,7.0,9.0,8.0,3.0,4.0,3.5,29.0,50.0
Sussex,4.3,5.8,5.1,2.4,3.2,2.8,1.0,2.0,2.0,29.0,32.0,30.5,0.4,0.6,0.5,41.0,43.0,42.0,22.0,24.0,23.0,,,,0.0,1.0,0.5,32.0,37.0
Target,8.5,13.5,11.0,4.3,5.7,5.0,1.0,3.0,2.0,35.0,40.0,37.5,1.0,1.4,1.2,45.0,55.0,50.0,17.0,23.0,20.0,8.0,10.0,9.0,0.0,1.0,0.5,11.0,30.0
Whitbread Golding Variety (WGV),5.4,7.7,6.6,2.0,3.5,2.8,2.0,4.0,3.0,35.0,43.0,39.0,0.8,1.2,1.0,19.0,27.0,23.0,35.0,42.0,38.5,11.0,15.0,13.0,1.0,2.0,1.5,14.0,34.0
Yeoman,12.0,16.0,14.0,4.0,5.0,4.5,2.0,4.0,3.0,,,25.0,1.7,2.4,2.1,47.0,49.0,48.0,19.0,21.0,20.0,9.0,10.0,9.5,0.0,1.0,0.5,19.0,25.0
Adeena,3.5,5.0,4.3,3.0,4.0,3.5,1.0,2.0,1.0,34.0,38.0,36.0,0.8,1.1,1.0,27.0,30.0,28.5,31.0,45.0,38.0,15.0,22.0,18.5,4.0,7.0,5.5,0.0,23.0
Ahtanum,3.5,6.5,5.0,4.0,6.5,5.3,1.0,2.0,1.0,30.0,35.0,32.5,0.5,1.7,1.1,45.0,55.0,50.0,15.0,22.0,18.5,9.0,12.0,10.5,0.0,1.0,0.5,10.0,31.0
Aloha Blend,8.8,10.3,9.6,,,,,,,,,,1.5,2.2,1.9,,,,,,,,,,,,,,
Altus,15.0,18.5,16.8,4.0,5.2,4.6,3.0,5.0,4.0,26.0,29.0,27.5,3.0,4.4,3.7,,,,,,,,,,,,,,
Amarillo,7.0,11.0,9.0,5.5,8.0,6.8,1.0,2.0,1.0,21.0,24.0,22.5,1.0,2.3,1.7,40.0,50.0,45.0,19.0,24.0,21.5,7.0,10.0,8.5,6.0,9.0,7.5,7.0,28.0
Apollo,15.0,20.5,17.8,5.5,8.0,6.8,2.0,4.0,3.0,23.0,28.0,25.5,0.8,2.5,1.7,30.0,50.0,40.0,20.0,35.0,27.5,14.0,20.0,17.0,0.0,1.0,0.5,0.0,36.0
Aquila,6.5,8.9,7.7,3.0,4.9,4.0,1.0,3.0,2.0,,,46.0,,,1.5,61.0,63.0,62.0,1.0,3.0,2.0,4.0,6.0,5.0,2.0,3.0,2.5,25.0,32.0
Arcadian,,,9.8,,,7.5,,,,,,,,,,,,,,,,,,,,,,,
Azacca,14.0,16.0,15.0,4.0,5.5,4.8,3.0,4.0,3.0,38.0,45.0,41.5,1.6,2.5,2.1,46.0,55.0,50.5,14.0,18.0,16.0,8.0,12.0,10.0,0.0,1.0,0.5,14.0,32.0
Banner,8.4,13.1,10.8,5.3,8.0,6.7,1.0,2.0,2.0,,,34.0,,,2.2,,,,,,,,,,,,,,
Belma,8.5,12.1,10.3,4.0,8.0,6.0,1.0,3.0,2.0,,,,1.0,2.5,1.8,65.0,68.0,66.5,,,,,,,,,,32.0,35.0
Bergamot,8.0,10.7,9.4,6.0,8.9,7.5,1.0,2.0,1.0,39.0,40.0,39.5,,,2.3,44.0,45.0,44.5,14.0,15.0,14.5,9.0,10.0,9.5,0.0,1.0,0.5,29.0,33.0
Bianca,7.0,8.0,7.5,,,3.4,inf,2.0,inf,20.0,28.0,24.0,0.6,1.0,0.8,,,,,,,,,,,,,100.0,100.0
Bitter Gold,12.0,18.8,15.4,4.5,8.0,6.3,2.0,4.0,3.0,36.0,41.0,38.5,0.8,3.9,2.4,45.0,68.0,56.5,7.0,18.0,12.5,7.0,11.0,9.0,0.0,2.0,1.0,1.0,41.0
Bravo,13.0,18.0,15.5,3.0,5.5,4.3,2.0,6.0,4.0,28.0,35.0,31.5,1.6,3.5,2.6,25.0,60.0,42.5,8.0,20.0,14.0,6.0,8.0,7.0,0.0,1.0,0.5,11.0,61.0
Brewer's Gold (US),8.0,11.0,9.5,4.0,6.5,5.3,1.0,3.0,2.0,40.0,48.0,44.0,1.5,3.0,2.3,40.0,60.0,50.0,12.0,18.0,15.0,8.0,12.0,10.0,0.0,1.0,0.5,9.0,40.0
BRU-1,13.0,15.0,14.0,8.0,10.0,9.0,1.0,2.0,2.0,35.0,37.0,36.0,1.5,2.0,1.8,50.0,55.0,52.5,7.0,8.0,7.5,9.0,11.0,10.0,0.0,1.0,0.5,25.0,34.0
Bullion,5.3,12.5,8.9,4.5,6.5,5.5,1.0,3.0,2.0,47.0,50.0,48.5,1.0,2.0,1.5,40.0,55.0,47.5,15.0,25.0,20.0,9.0,14.0,11.5,0.0,1.0,0.5,5.0,36.0
Buzz Bullets,8.0,10.0,9.0,5.0,6.0,5.5,1.0,2.0,2.0,,,,,,,,,,,,,,,,,,,,
Caliente,14.0,16.0,15.0,,,4.3,inf,4.0,inf,,,35.0,,,1.9,,,,,,,,,,,,,,
Calypso,12.0,16.0,14.0,5.0,6.0,5.5,2.0,3.0,3.0,38.0,42.0,40.0,1.5,2.5,2.0,30.0,45.0,37.5,20.0,35.0,27.5,9.0,15.0,12.0,0.0,1.0,0.5,4.0,41.0
Cascade,5.0,9.0,7.0,4.8,7.5,6.2,1.0,2.0,1.0,30.0,40.0,35.0,0.7,2.5,1.6,45.0,60.0,52.5,14.0,20.0,17.0,5.0,9.0,7.0,6.0,9.0,7.5,2.0,30.0
Cashmere,7.7,9.1,8.4,3.3,7.1,5.2,1.0,3.0,2.0,22.0,24.0,23.0,1.2,1.4,1.3,39.0,42.0,40.5,26.0,29.0,27.5,11.0,13.0,12.0,0.0,1.0,0.5,15.0,24.0
Centennial,7.0,12.0,9.5,3.5,5.5,4.5,1.0,3.0,2.0,23.0,30.0,26.5,1.0,3.0,2.0,55.0,65.0,60.0,10.0,20.0,15.0,5.0,7.0,6.0,0.0,1.0,0.5,7.0,30.0
Chelan,12.0,15.0,13.5,8.5,10.0,9.3,1.0,2.0,1.0,33.0,35.0,34.0,1.5,1.9,1.7,45.0,55.0,50.0,12.0,15.0,13.5,9.0,12.0,10.5,0.0,1.0,0.5,17.0,34.0
Chinook,11.5,15.0,13.3,3.0,4.0,3.5,3.0,5.0,4.0,27.0,35.0,31.0,1.0,2.7,1.9,20.0,30.0,25.0,18.0,24.0,21.0,9.0,11.0,10.0,0.0,1.0,0.5,34.0,53.0
Citra,10.0,15.0,12.5,3.0,4.5,3.8,2.0,5.0,4.0,20.0,35.0,27.5,1.5,3.0,2.3,60.0,70.0,65.0,7.0,13.0,10.0,5.0,8.0,6.5,0.0,1.0,0.5,8.0,28.0
Cluster,5.5,9.0,7.3,4.5,6.0,5.3,1.0,2.0,1.0,33.0,43.0,38.0,0.4,1.0,0.7,38.0,46.0,42.0,15.0,20.0,17.5,8.0,10.0,9.0,0.0,1.0,0.5,23.0,39.0
Columbia,5.0,9.0,7.0,3.0,4.0,3.5,1.0,3.0,2.0,,,40.0,1.0,2.0,1.5,45.0,55.0,50.0,15.0,19.0,17.0,9.0,12.0,10.5,3.0,5.0,4.0,9.0,28.0
Columbus,14.0,18.0,16.0,4.5,6.0,5.3,2.0,4.0,3.0,28.0,35.0,31.5,2.5,4.5,3.5,45.0,55.0,50.0,9.0,14.0,11.5,6.0,10.0,8.0,0.0,1.0,0.5,20.0,40.0
Comet,8.0,12.4,10.2,3.0,6.1,4.6,1.0,4.0,3.0,34.0,45.0,39.5,1.0,3.3,2.2,40.0,65.0,52.5,1.0,2.0,1.5,5.0,15.0,10.0,0.0,1.0,0.5,17.0,54.0
Contessa,3.0,5.0,4.0,5.0,7.4,6.2,0.0,1.0,1.0,29.0,32.0,30.5,0.8,1.9,1.4,,,,,,,,,,,,,,
Crystal,2.8,6.0,4.4,4.5,8.5,6.5,0.0,1.0,1.0,20.0,26.0,23.0,0.8,2.3,1.6,30.0,55.0,42.5,20.0,30.0,25.0,5.0,12.0,8.5,0.0,1.0,0.5,2.0,45.0
CTZ,14.5,17.0,15.8,4.5,5.5,5.0,3.0,4.0,3.0,28.0,35.0,31.5,2.5,4.5,3.5,45.0,55.0,50.0,9.0,14.0,11.5,6.0,10.0,8.0,0.0,1.0,0.5,20.0,40.0
Delta,5.5,7.0,6.3,5.5,7.0,6.3,1.0,1.0,1.0,22.0,24.0,23.0,0.5,1.1,0.8,25.0,40.0,32.5,25.0,35.0,30.0,9.0,15.0,12.0,0.0,1.0,0.5,9.0,41.0
Diamond Springs,,,4.8,,,3.2,,,,,,,,,,,,,,,,,,,,,,,
Ekuanot,13.0,15.5,14.3,4.0,5.5,4.8,2.0,4.0,3.0,31.0,38.0,34.5,2.0,4.5,3.3,30.0,45.0,37.5,12.0,20.0,16.0,8.0,12.0,10.0,0.0,1.0,0.5,22.0,50.0
El Dorado,13.0,17.0,15.0,6.4,8.0,7.2,2.0,3.0,2.0,28.0,33.0,30.5,2.5,3.3,2.9,55.0,60.0,57.5,10.0,15.0,12.5,6.0,8.0,7.0,0.0,1.0,0.5,16.0,29.0
Emerald Spire,8.6,13.0,10.8,3.5,4.5,4.0,2.0,4.0,3.0,38.0,39.0,38.5,,,1.6,36.0,37.0,36.5,10.0,11.0,10.5,7.0,8.0,7.5,0.0,1.0,0.5,43.0,47.0
Equinox,14.5,15.5,15.0,4.5,5.5,5.0,3.0,3.0,3.0,32.0,38.0,35.0,2.5,4.5,3.5,,,,,,,,,,,,,,
Eroica,7.3,14.9,11.1,3.0,5.3,4.2,1.0,5.0,3.0,,,40.0,0.8,1.3,1.1,55.0,65.0,60.0,0.0,1.0,0.5,7.0,13.0,10.0,0.0,1.0,0.5,20.0,38.0
Eureka,17.0,20.0,18.5,4.5,6.0,5.3,3.0,4.0,4.0,27.0,30.0,28.5,2.5,4.4,3.5,42.0,44.0,43.0,29.0,30.0,29.5,0.0,1.0,0.5,0.0,1.0,0.5,24.0,29.0
Evergreen Blend,7.0,7.5,7.3,4.3,4.5,4.4,2.0,2.0,2.0,,,,,,1.2,30.0,32.0,31.0,20.0,22.0,21.0,10.0,12.0,11.0,1.0,3.0,2.0,31.0,39.0
Falconer's Flight,9.5,12.0,10.8,4.0,5.0,4.5,2.0,3.0,2.0,20.0,29.0,24.5,1.4,3.0,2.2,43.0,62.0,52.5,11.0,17.0,14.0,5.0,9.0,7.0,1.0,2.0,1.5,10.0,40.0
Falconer's Flight 7CS,9.0,10.5,9.8,4.7,5.1,4.9,2.0,2.0,2.0,,,48.0,1.3,2.0,1.7,40.0,55.0,47.5,13.0,18.0,15.5,7.0,10.0,8.5,0.0,1.0,0.5,16.0,40.0
Fantasia Blend,4.3,6.5,5.4,,,,,,,,,,0.9,1.25,1.1,,,,,,,,,,,,,,
Galena,12.0,15.5,13.8,7.2,8.7,8.0,1.0,2.0,2.0,36.0,40.0,38.0,0.9,2.1,1.5,40.0,50.0,45.0,11.0,17.0,14.0,5.0,9.0,7.0,0.0,1.0,0.5,23.0,44.0
Gemini,6.0,10.4,8.2,3.0,4.28,3.6,1.0,3.0,2.0,31.0,32.0,31.5,,,1.1,32.0,33.0,32.5,11.0,12.0,11.5,4.0,5.0,4.5,0.0,1.0,0.5,49.0,53.0
Glacier,3.3,9.7,6.5,5.4,10.0,7.7,0.0,2.0,1.0,11.0,16.0,13.5,0.5,1.5,1.0,35.0,45.0,40.0,25.0,35.0,30.0,8.0,13.0,10.5,0.0,1.0,0.5,6.0,32.0
Golding,4.0,6.0,5.0,2.0,3.0,2.5,1.0,3.0,2.0,,,20.0,0.4,1.0,0.7,25.0,35.0,30.0,35.0,45.0,40.0,13.0,16.0,14.5,0.0,1.0,0.5,3.0,27.0
Grungeist,,,2.9,,,9.0,,,,,,19.2,,,1.2,,,,,,,,,,,,,,
Hallertau (US),3.5,6.5,5.0,2.5,6.5,4.5,1.0,3.0,2.0,18.0,26.0,22.0,0.6,1.5,1.1,35.0,44.0,39.5,30.0,38.0,34.0,10.0,12.0,11.0,0.0,1.0,0.5,5.0,25.0
Hartwick,,,12.3,,,5.8,,,,,,,,,,,,,,,,,,,,,,,
HBC 360,12.0,15.0,13.5,5.5,6.3,5.9,2.0,3.0,2.0,23.0,26.0,24.5,2.5,3.0,2.8,25.0,45.0,35.0,15.0,20.0,17.5,12.0,18.0,15.0,0.0,1.0,0.5,16.0,48.0
HBC 472,7.0,11.0,9.0,7.0,9.0,8.0,1.0,2.0,1.0,,,44.0,1.5,2.5,2.0,,,,,,,,,,,,,,
HBC 692,8.9,9.5,9.2,8.3,10.2,9.3,1.0,1.0,1.0,,,,1.0,2.2,1.6,,,,,,,,,,,,,,
Horizon,8.8,16.5,12.7,5.5,8.5,7.0,1.0,3.0,2.0,16.0,22.0,19.0,0.5,2.5,1.5,45.0,70.0,57.5,8.0,20.0,14.0,8.0,14.0,11.0,3.0,5.0,4.0,0.0,36.0
Hydra,10.5,13.7,12.1,6.4,7.9,7.2,1.0,2.0,2.0,27.0,28.0,27.5,,,1.9,54.0,55.0,54.5,11.0,12.0,11.5,8.0,9.0,8.5,0.0,1.0,0.5,23.0,27.0
Idaho 7,9.5,14.9,12.2,3.5,5.0,4.3,2.0,4.0,3.0,30.0,40.0,35.0,1.0,2.0,1.5,45.0,55.0,50.0,10.0,20.0,15.0,6.0,10.0,8.0,0.0,1.0,0.5,14.0,39.0
Idaho Gem,11.0,14.0,12.5,5.0,7.0,6.0,2.0,3.0,2.0,40.0,45.0,42.5,1.3,2.3,1.8,,,,,,,,,,,,,,
Independence,,,4.7,,,1.5,,,,20.0,21.0,20.5,,,0.4,,,,,,,,,,,,,,
Jarrylo,15.0,17.0,16.0,6.0,7.5,6.8,2.0,3.0,2.0,34.0,37.0,35.5,3.6,4.3,4.0,40.0,55.0,47.5,15.0,18.0,16.5,8.0,11.0,9.5,0.0,1.0,0.5,15.0,37.0
Lambic,1.0,2.0,1.5,2.8,5.0,3.9,0.0,1.0,0.0,29.0,35.0,32.0,0.8,1.2,1.0,,,,,,,,,,,,,,
Lawton,3.5,4.0,3.8,3.0,3.2,3.1,1.0,1.0,1.0,,,,,,0.3,,,,,,,,,,,,,,
Lemondrop,5.0,7.0,6.0,4.0,6.0,5.0,1.0,2.0,1.0,28.0,34.0,31.0,0.8,2.0,1.4,45.0,47.0,46.0,56.0,58.0,57.0,9.0,10.0,9.5,6.0,7.0,6.5,0.0,
Liberty,3.0,6.5,4.8,3.0,4.0,3.5,1.0,2.0,1.0,22.0,30.0,26.0,0.6,1.8,1.2,15.0,25.0,20.0,35.0,45.0,40.0,10.0,15.0,12.5,0.0,1.0,0.5,14.0,40.0
Loral,10.0,17.0,13.5,1.5,6.5,4.0,2.0,11.0,6.0,20.0,24.0,22.0,1.5,3.4,2.5,52.0,58.0,55.0,17.0,18.0,17.5,5.0,6.0,5.5,0.0,1.0,0.5,17.0,26.0
Lotus,13.0,17.0,15.0,5.0,6.0,5.5,2.0,3.0,3.0,33.0,39.0,36.0,1.5,2.5,2.0,25.0,35.0,30.0,35.0,40.0,37.5,,,,0.0,1.0,0.5,24.0,40.0
Mackinac,9.0,14.0,11.5,2.8,4.0,3.4,2.0,5.0,4.0,28.0,35.0,31.5,1.5,2.2,1.9,15.0,17.0,16.0,11.0,12.0,11.5,4.0,5.0,4.5,1.0,2.0,1.5,64.0,69.0
Magnum (US),10.0,16.0,13.0,4.5,7.0,5.8,1.0,4.0,2.0,21.0,30.0,25.5,1.6,3.0,2.3,30.0,45.0,37.5,30.0,45.0,37.5,8.0,12.0,10.0,0.0,1.0,0.5,0.0,32.0
Medusa,3.0,5.0,4.0,5.0,6.5,5.8,0.0,1.0,1.0,35.0,49.0,42.0,0.4,0.7,0.6,54.0,55.0,54.5,9.0,10.0,9.5,13.0,14.0,13.5,1.0,2.0,1.5,19.0,23.0
Meridian,5.0,7.0,6.0,6.0,9.0,7.5,1.0,1.0,1.0,45.0,50.0,47.5,1.0,1.6,1.3,29.0,31.0,30.0,7.0,9.0,8.0,3.0,4.0,3.5,0.0,1.0,0.5,55.0,61.0
Michigan Copper,8.8,11.0,9.9,2.0,3.5,2.8,3.0,6.0,4.0,32.0,36.0,34.0,1.15,2.7,1.9,42.0,44.0,43.0,17.0,18.0,17.5,7.0,8.0,7.5,0.0,1.0,0.5,29.0,34.0
Millennium,14.5,18.5,16.5,4.3,6.5,5.4,2.0,4.0,3.0,28.0,35.0,31.5,1.5,3.0,2.3,35.0,55.0,45.0,15.0,25.0,20.0,8.0,10.0,9.0,0.0,1.0,0.5,9.0,42.0
Mosaic,11.5,13.5,12.5,3.2,3.9,3.6,3.0,4.0,4.0,24.0,26.0,25.0,1.0,1.5,1.3,48.0,55.0,51.5,10.0,15.0,12.5,3.0,8.0,5.5,0.0,1.0,0.5,21.0,39.0
Mount Hood,3.9,8.0,6.0,5.0,8.0,6.5,0.0,2.0,1.0,21.0,23.0,22.0,1.2,1.7,1.5,30.0,40.0,35.0,12.0,38.0,25.0,7.0,16.0,11.5,0.0,1.0,0.5,5.0,51.0
Mount Rainier,5.0,9.4,7.2,5.0,9.2,7.1,1.0,2.0,1.0,21.0,34.0,27.5,0.2,3.9,2.1,58.0,59.0,58.5,17.0,18.0,17.5,7.0,8.0,7.5,0.0,1.0,0.5,14.0,18.0
Multihead,3.5,4.5,4.0,5.5,8.0,6.8,0.0,1.0,1.0,,,45.0,0.5,1.5,1.0,47.0,49.0,48.0,,,,,,,,,,51.0,53.0
Newport,10.5,17.0,13.8,5.5,9.1,7.3,1.0,3.0,2.0,36.0,38.0,37.0,1.3,3.6,2.5,45.0,55.0,50.0,15.0,20.0,17.5,7.0,11.0,9.0,0.0,1.0,0.5,13.0,33.0
Nobility Blend,4.2,4.5,4.4,4.9,5.3,5.1,1.0,1.0,1.0,,,27.0,,,0.7,34.0,38.0,36.0,22.0,23.0,22.5,26.0,28.0,27.0,6.0,8.0,7.0,3.0,12.0
Northdown,7.0,10.0,8.5,4.0,5.5,4.8,1.0,3.0,2.0,24.0,32.0,28.0,1.2,2.5,1.9,23.0,29.0,26.0,40.0,45.0,42.5,13.0,17.0,15.0,0.0,1.0,0.5,8.0,24.0
Northern Brewer (US),7.0,10.0,8.5,3.0,5.5,4.3,1.0,3.0,2.0,27.0,34.0,30.5,1.0,2.0,1.5,35.0,45.0,40.0,27.0,31.0,29.0,11.0,15.0,13.0,0.0,1.0,0.5,8.0,27.0
Nugget,9.5,16.0,12.8,3.0,5.8,4.4,2.0,5.0,3.0,22.0,30.0,26.0,0.9,3.3,2.1,48.0,59.0,53.5,12.0,22.0,17.0,7.0,10.0,8.5,0.0,1.0,0.5,8.0,33.0
Old Mission,,,4.3,,,3.7,,,,,,,,,,,,,,,,,,,,,,,
Olympic,10.6,13.8,12.2,3.8,6.1,5.0,2.0,4.0,3.0,,,31.0,0.86,2.55,1.7,45.0,55.0,50.0,9.0,13.0,11.0,7.0,12.0,9.5,0.0,1.0,0.5,19.0,39.0
Pacific Crest,,,3.9,,,3.0,,,,,,27.0,,,0.5,,,,,,,,,,,,,,
Pahto,17.0,20.0,18.5,4.5,6.0,5.3,3.0,4.0,4.0,26.0,32.0,29.0,1.0,2.5,1.8,58.0,72.0,65.0,8.0,11.0,9.5,3.0,6.0,4.5,0.0,1.0,0.5,10.0,31.0
Palisade,5.5,10.0,7.8,5.5,8.0,6.8,1.0,2.0,1.0,24.0,29.0,26.5,0.8,2.0,1.4,45.0,55.0,50.0,10.0,20.0,15.0,8.0,16.0,12.0,0.0,1.0,0.5,8.0,37.0
Paradigm,8.0,11.7,9.9,3.9,6.3,5.1,1.0,3.0,2.0,34.0,35.0,34.5,1.2,2.17,1.7,39.0,40.0,39.5,4.0,5.0,4.5,3.0,4.0,3.5,0.0,1.0,0.5,50.0,54.0
Pekko,13.0,16.0,14.5,3.5,4.3,3.9,3.0,5.0,4.0,27.0,30.0,28.5,2.1,2.7,2.4,46.0,55.0,50.5,12.0,15.0,13.5,11.0,13.0,12.0,0.0,1.0,0.5,16.0,31.0
Perle (US),4.0,9.0,6.5,2.5,4.5,3.5,1.0,4.0,2.0,28.0,35.0,31.5,0.5,2.0,1.3,30.0,45.0,37.5,28.0,34.0,31.0,12.0,16.0,14.0,0.0,1.0,0.5,4.0,30.0
Petoskey,,,12.1,,,6.2,,,,,,,,,,,,,,,,,,,,,,,
Prussian,,,4.3,,,2.7,,,,,,,,,,,,,,,,,,,,,,,
Saaz (US),3.0,4.5,3.8,3.0,4.5,3.8,1.0,2.0,1.0,24.0,28.0,26.0,0.5,1.0,0.8,25.0,30.0,27.5,35.0,40.0,37.5,9.0,11.0,10.0,9.0,13.0,11.0,6.0,22.0
Sabro,12.0,17.0,14.5,4.0,7.0,5.5,2.0,4.0,3.0,20.0,24.0,22.0,1.8,3.5,2.7,50.0,68.0,59.0,7.0,14.0,10.5,7.0,11.0,9.0,0.0,1.0,0.5,6.0,36.0
Samba,8.0,12.0,10.0,4.0,6.0,5.0,1.0,3.0,2.0,28.0,32.0,30.0,1.5,2.5,2.0,,,,,,,,,,,,,,
Santiam,5.0,8.5,6.8,5.3,8.5,6.9,1.0,2.0,1.0,18.0,24.0,21.0,1.0,2.2,1.6,15.0,25.0,20.0,20.0,30.0,25.0,6.0,9.0,7.5,14.0,18.0,16.0,18.0,45.0
Satus,12.0,14.5,13.3,8.5,9.0,8.8,1.0,2.0,2.0,32.0,35.0,33.5,1.5,2.8,2.2,40.0,45.0,42.5,15.0,20.0,17.5,7.0,10.0,8.5,0.0,1.0,0.5,24.0,38.0
Saugatuck,,,5.4,,,3.3,,,,,,,,,,,,,,,,,,,,,,,
Sequoia Blend,9.0,12.0,10.5,3.5,5.5,4.5,2.0,3.0,3.0,28.0,32.0,30.0,1.5,2.5,2.0,55.0,65.0,60.0,,,,5.0,9.0,7.0,12.0,20.0,16.0,6.0,28.0
Shaddock,,,5.0,,,3.6,,,,,,,,,,,,,,,,,,,,,,,
Simcoe,11.0,15.0,13.0,3.0,5.0,4.0,2.0,5.0,4.0,15.0,21.0,18.0,0.8,3.2,2.0,40.0,50.0,45.0,15.0,20.0,17.5,8.0,14.0,11.0,0.0,1.0,0.5,15.0,37.0
Sitiva Blend,7.2,7.6,7.4,4.2,4.5,4.4,2.0,2.0,2.0,27.0,28.0,27.5,,,0.9,50.0,58.0,54.0,10.0,11.0,10.5,,,,9.0,10.0,9.5,21.0,31.0
Sonnet,2.6,7.4,5.0,2.0,3.7,2.9,1.0,4.0,2.0,,,,0.2,1.0,0.6,,,,,,,,,,,,,,
Sterling,5.5,8.5,7.0,4.0,6.0,5.0,1.0,2.0,2.0,22.0,28.0,25.0,1.0,2.0,1.5,35.0,45.0,40.0,16.0,18.0,17.0,5.0,8.0,6.5,15.0,19.0,17.0,10.0,29.0
Sticky Fingers Blend,,,11.9,,,4.6,,,,28.0,29.0,28.5,,,0.8,,,,,,,,,,,,,,
Strata,11.0,12.5,11.8,5.0,7.0,6.0,2.0,3.0,2.0,,,21.0,2.3,3.5,2.9,52.0,65.0,58.5,22.0,30.0,26.0,5.0,13.0,9.0,0.0,1.0,0.5,0.0,21.0
Sultana (Denali),13.0,16.0,14.5,3.5,7.0,5.3,2.0,5.0,3.0,22.0,26.0,24.0,2.5,4.5,3.5,54.0,55.0,54.5,15.0,17.0,16.0,5.0,7.0,6.0,0.0,1.0,0.5,20.0,26.0
Summit,15.0,17.5,16.3,4.0,6.5,5.3,2.0,4.0,3.0,26.0,33.0,29.5,1.5,3.0,2.3,30.0,40.0,35.0,18.0,22.0,20.0,12.0,16.0,14.0,0.0,1.0,0.5,21.0,40.0
Sun,12.0,16.0,14.0,4.5,7.0,5.8,2.0,4.0,3.0,30.0,40.0,35.0,,,,,,,,,,,,,,,,,
Super Galena,13.0,16.0,14.5,8.0,10.0,9.0,1.0,2.0,2.0,35.0,40.0,37.5,0.8,2.5,1.7,45.0,60.0,52.5,,,,,,,,,,40.0,55.0
Tahoma,7.0,8.2,7.6,8.5,9.5,9.0,1.0,1.0,1.0,15.0,17.0,16.0,1.0,2.0,1.5,67.0,72.0,69.5,9.0,11.0,10.0,2.0,4.0,3.0,0.0,1.0,0.5,12.0,22.0
Talisman,5.7,8.0,6.9,2.8,3.6,3.2,2.0,3.0,2.0,,,53.0,,,0.7,67.0,69.0,68.0,3.0,5.0,4.0,5.0,6.0,5.5,0.0,1.0,0.5,19.0,25.0
Talus,8.1,9.5,8.8,8.3,10.2,9.3,1.0,1.0,1.0,34.0,39.0,36.5,1.0,2.7,1.9,40.0,50.0,45.0,16.0,21.0,18.5,9.0,13.0,11.0,0.0,1.0,0.5,15.0,35.0
Teamaker,0.6,1.8,1.2,5.4,13.2,9.3,0.0,0.0,0.0,,,,,,1.0,59.0,61.0,60.0,1.0,2.0,1.5,11.0,13.0,12.0,0.0,1.0,0.5,23.0,29.0
Tettnang (US),2.5,5.5,4.0,3.0,5.0,4.0,1.0,2.0,1.0,20.0,28.0,24.0,0.5,0.9,0.7,30.0,45.0,37.5,18.0,23.0,20.5,6.0,7.0,6.5,5.0,8.0,6.5,17.0,41.0
Tillicum,13.5,15.5,14.5,9.5,11.5,10.5,1.0,2.0,1.0,,,35.0,,,1.5,39.0,41.0,40.0,13.0,15.0,14.0,7.0,8.0,7.5,0.0,1.0,0.5,35.0,41.0
TNT Blend,11.5,13.0,12.3,,,,,,,,,,1.3,1.5,1.4,,,,,,,,,,,,,,
Tomahawk,15.0,17.5,16.3,4.5,6.0,5.3,3.0,4.0,3.0,28.0,35.0,31.5,2.5,4.5,3.5,45.0,55.0,50.0,9.0,14.0,11.5,6.0,10.0,8.0,0.0,1.0,0.5,20.0,40.0
Trident,11.0,14.0,12.5,4.0,5.0,4.5,2.0,4.0,3.0,20.0,30.0,25.0,1.5,3.0,2.3,,,,,,,,,,,,,,
TriplePearl,10.0,11.2,10.6,3.3,4.2,3.8,2.0,3.0,3.0,21.0,55.0,38.0,0.8,1.8,1.3,39.0,55.0,47.0,7.0,11.0,9.0,3.0,5.0,4.0,0.0,1.0,0.5,28.0,51.0
Triumph,9.0,12.0,10.5,3.0,5.0,4.0,2.0,4.0,3.0,22.0,26.0,24.0,0.8,1.8,1.3,25.0,40.0,32.5,28.0,34.0,31.0,8.0,10.0,9.0,0.0,1.0,0.5,15.0,39.0
Tropica,,,8.8,,,3.0,,,,,,,,,1.4,,,,,,,,,,,,,,
Ultra,3.0,9.7,6.4,3.6,5.0,4.3,1.0,3.0,2.0,25.0,35.0,30.0,0.8,1.5,1.2,50.0,60.0,55.0,10.0,15.0,12.5,6.0,9.0,7.5,0.0,1.0,0.5,15.0,34.0
Vanguard,4.0,6.5,5.3,5.5,7.0,6.3,1.0,1.0,1.0,14.0,20.0,17.0,0.4,1.0,0.7,5.0,15.0,10.0,49.0,55.0,52.0,13.0,17.0,15.0,0.0,1.0,0.5,12.0,33.0
Walhalla,5.97,10.0,8.0,3.75,6.0,4.9,1.0,3.0,2.0,,,,,,,,,,,,,,,,,,,,
Warrior,14.5,18.0,16.3,4.3,6.0,5.2,2.0,4.0,3.0,22.0,26.0,24.0,1.0,2.5,1.8,40.0,50.0,45.0,15.0,18.0,16.5,11.0,14.0,12.5,0.0,1.0,0.5,17.0,34.0
Wild Wolf,,,8.3,,,5.9,,,,,,,,,0.3,,,,,,,,,,,,,,
Willamette,4.0,7.2,5.6,3.0,4.5,3.8,1.0,2.0,2.0,28.0,35.0,31.5,0.6,1.6,1.1,22.0,55.0,38.5,20.0,35.0,27.5,7.0,14.0,10.5,5.0,10.0,7.5,0.0,46.0
X13459,3.0,5.5,4.3,4.0,5.0,4.5,1.0,1.0,1.0,21.0,24.0,22.5,0.8,2.0,1.4,,,,,,,,,,,,,,
Yakima Cluster,4.4,9.8,7.1,3.0,6.1,4.6,1.0,3.0,2.0,39.0,42.0,40.5,0.24,0.9,0.6,45.0,55.0,50.0,17.0,19.0,18.0,6.0,7.0,6.5,0.0,1.0,0.5,18.0,32.0
Yakima Gold,7.0,8.0,7.5,3.5,4.5,4.0,2.0,2.0,2.0,21.0,23.0,22.0,0.5,1.5,1.0,35.0,45.0,40.0,18.0,24.0,21.0,5.0,9.0,7.0,8.0,12.0,10.0,10.0,34.0
Zamba Blend,8.0,12.0,10.0,4.0,6.0,5.0,1.0,3.0,2.0,28.0,32.0,30.0,1.5,2.5,2.0,60.0,70.0,65.0,9.0,13.0,11.0,5.0,8.0,6.5,1.0,4.0,2.5,5.0,25.0
Zappa,6.0,9.0,7.5,8.0,9.0,8.5,1.0,1.0,1.0,40.0,45.0,42.5,1.8,2.5,2.2,64.0,65.0,64.5,4.0,5.0,4.5,8.0,9.0,8.5,0.0,1.0,0.5,20.0,24.0
Zenia,11.0,14.0,12.5,4.4,5.1,4.8,2.0,3.0,3.0,,,,0.7,2.5,1.6,,,,,,,,,,,,,,
Zenith,9.0,11.0,10.0,,,3.0,inf,4.0,inf,,,25.0,,,1.8,51.0,53.0,52.0,18.0,20.0,19.0,6.0,7.0,6.5,0.0,1.0,0.5,19.0,25.0
Zeus,13.0,17.5,15.3,4.0,6.5,5.3,2.0,4.0,3.0,28.0,40.0,34.0,2.4,4.5,3.5,45.0,60.0,52.5,9.0,18.0,13.5,6.0,11.0,8.5,0.0,1.0,0.5,10.0,40.0
Zythos,10.0,12.5,11.3,4.7,6.2,5.5,2.0,3.0,2.0,28.0,31.0,29.5,0.7,1.2,1.0,30.0,50.0,40.0,14.0,23.0,18.5,7.0,10.0,8.5,1.0,3.0,2.0,14.0,48.0
